clean,watermarked,attack,instrument,si_snr_clean,si_snr_watermarked,delta_si_snr,snr,lsd,pesq,stoi
../watermark_research/results/LibriSpeech-init/AudioSeal/2035-147960-0000/1_original.wav,../watermark_research/results/LibriSpeech-init/AudioSeal/2035-147960-0000/2_watermarked.wav,,speech,105.154526,25.992708,-79.16182,26.00300200212196,9.11216545831965,4.372438907623291,0.9988922307581606
../watermark_research/results/LibriSpeech-init/AudioSeal/2035-147960-0001/1_original.wav,../watermark_research/results/LibriSpeech-init/AudioSeal/2035-147960-0001/2_watermarked.wav,,speech,99.19105,23.314293,-75.876755,23.33352497093022,9.063827682243423,4.332356929779053,0.9973566208690199
../watermark_research/results/LibriSpeech-init/AudioSeal/2035-147960-0002/1_original.wav,../watermark_research/results/LibriSpeech-init/AudioSeal/2035-147960-0002/2_watermarked.wav,,speech,104.81653,26.304533,-78.51199,26.314278059287503,8.941530041967122,4.406305313110352,0.9990808962323436
../watermark_research/results/LibriSpeech-init/AudioSeal/2035-147960-0003/1_original.wav,../watermark_research/results/LibriSpeech-init/AudioSeal/2035-147960-0003/2_watermarked.wav,,speech,103.6724,27.713202,-75.9592,27.720524795147764,9.054474266019717,4.367877006530762,0.9987529571233446
../watermark_research/results/LibriSpeech-init/AudioSeal/2035-147960-0004/1_original.wav,../watermark_research/results/LibriSpeech-init/AudioSeal/2035-147960-0004/2_watermarked.wav,,speech,104.79453,25.738377,-79.05615,25.749946457821217,9.183414108362012,4.395728588104248,0.9992371775173166
../watermark_research/results/LibriSpeech-init/AudioSeal/2035-147960-0005/1_original.wav,../watermark_research/results/LibriSpeech-init/AudioSeal/2035-147960-0005/2_watermarked.wav,,speech,105.95126,26.34996,-79.6013,26.360003260282454,9.139265777941063,4.375565528869629,0.9993131397249315
../watermark_research/results/LibriSpeech-init/AudioSeal/2035-147960-0006/1_original.wav,../watermark_research/results/LibriSpeech-init/AudioSeal/2035-147960-0006/2_watermarked.wav,,speech,103.99855,25.15704,-78.84151,25.168774177089116,9.164229176423914,4.2774553298950195,0.9992983910145742
../watermark_research/results/LibriSpeech-init/AudioSeal/2035-147960-0007/1_original.wav,../watermark_research/results/LibriSpeech-init/AudioSeal/2035-147960-0007/2_watermarked.wav,,speech,100.782974,25.390284,-75.39269,25.402775282014826,9.216753636008239,4.335041046142578,0.9974696621256186
../watermark_research/results/LibriSpeech-init/AudioSeal/2035-147960-0008/1_original.wav,../watermark_research/results/LibriSpeech-init/AudioSeal/2035-147960-0008/2_watermarked.wav,,speech,103.32419,27.714045,-75.610146,27.72132460232806,9.14928312323459,4.377021312713623,0.9988133086295774
../watermark_research/results/LibriSpeech-init/AudioSeal/2035-147960-0009/1_original.wav,../watermark_research/results/LibriSpeech-init/AudioSeal/2035-147960-0009/2_watermarked.wav,,speech,101.27249,25.013008,-76.25948,25.026616233730735,9.135259018637102,4.3463311195373535,0.9993844455060021
../watermark_research/results/LibriSpeech-init/AudioSeal/2035-147960-0010/1_original.wav,../watermark_research/results/LibriSpeech-init/AudioSeal/2035-147960-0010/2_watermarked.wav,,speech,105.182686,28.818123,-76.36456,28.823820133639757,9.072561529784148,4.352284908294678,0.9993025686760999
../watermark_research/results/LibriSpeech-init/AudioSeal/2035-147960-0011/1_original.wav,../watermark_research/results/LibriSpeech-init/AudioSeal/2035-147960-0011/2_watermarked.wav,,speech,104.38432,25.601961,-78.782364,25.613416232135023,9.236038122762656,4.400561332702637,0.9992617634458762
../watermark_research/results/LibriSpeech-init/AudioSeal/2035-147960-0012/1_original.wav,../watermark_research/results/LibriSpeech-init/AudioSeal/2035-147960-0012/2_watermarked.wav,,speech,105.674095,27.504292,-78.1698,27.511945919394766,9.118006166942273,4.425627708435059,0.9992919820090986
../watermark_research/results/LibriSpeech-init/AudioSeal/2035-147960-0013/1_original.wav,../watermark_research/results/LibriSpeech-init/AudioSeal/2035-147960-0013/2_watermarked.wav,,speech,103.02346,23.335905,-79.68755,23.354799288821702,9.04233464336797,4.499078273773193,0.9993199074598623
../watermark_research/results/LibriSpeech-init/AudioSeal/2035-147960-0014/1_original.wav,../watermark_research/results/LibriSpeech-init/AudioSeal/2035-147960-0014/2_watermarked.wav,,speech,105.10232,24.771244,-80.33107,24.785216789625917,9.009359173068443,4.453007221221924,0.9986251089871283
../watermark_research/results/LibriSpeech-init/AudioSeal/2035-147960-0015/1_original.wav,../watermark_research/results/LibriSpeech-init/AudioSeal/2035-147960-0015/2_watermarked.wav,,speech,102.35923,26.22817,-76.13106,26.238218580880897,8.860407686956036,4.376624584197998,0.9989197981772782
../watermark_research/results/LibriSpeech-init/AudioSeal/2035-147960-0016/1_original.wav,../watermark_research/results/LibriSpeech-init/AudioSeal/2035-147960-0016/2_watermarked.wav,,speech,107.345116,27.634123,-79.71099,27.641551100498134,9.118611598490977,4.432036876678467,0.9987034231608444
../watermark_research/results/LibriSpeech-init/AudioSeal/2035-152373-0002/1_original.wav,../watermark_research/results/LibriSpeech-init/AudioSeal/2035-152373-0002/2_watermarked.wav,,speech,102.30843,23.964298,-78.34413,23.98167923187922,9.112860443720704,4.305025577545166,0.9988486089617475
../watermark_research/results/LibriSpeech-init/AudioSeal/2035-152373-0003/1_original.wav,../watermark_research/results/LibriSpeech-init/AudioSeal/2035-152373-0003/2_watermarked.wav,,speech,100.08839,23.638536,-76.44985,23.656651267679287,9.155198654579253,4.282819747924805,0.9986813309206863
../watermark_research/results/LibriSpeech-init/AudioSeal/2035-152373-0005/1_original.wav,../watermark_research/results/LibriSpeech-init/AudioSeal/2035-152373-0005/2_watermarked.wav,,speech,99.81201,25.09743,-74.714584,25.110824509454666,9.156738367829268,4.28777551651001,0.9969654983147177
../watermark_research/results/LibriSpeech-init/AudioSeal/2035-152373-0006/1_original.wav,../watermark_research/results/LibriSpeech-init/AudioSeal/2035-152373-0006/2_watermarked.wav,,speech,106.43398,27.384445,-79.04954,27.39230379524225,9.16941558946595,4.406022548675537,0.9992951233255235
../watermark_research/results/LibriSpeech-init/AudioSeal/2035-152373-0012/1_original.wav,../watermark_research/results/LibriSpeech-init/AudioSeal/2035-152373-0012/2_watermarked.wav,,speech,105.56233,24.283636,-81.278694,24.297833680234866,9.203565725993952,4.367690086364746,0.998612310825221
../watermark_research/results/LibriSpeech-init/AudioSeal/2035-152373-0013/1_original.wav,../watermark_research/results/LibriSpeech-init/AudioSeal/2035-152373-0013/2_watermarked.wav,,speech,104.91997,26.132982,-78.78699,26.143542699637617,9.077283924265938,4.306366443634033,0.9982181689138229
../watermark_research/results/LibriSpeech-init/AudioSeal/2035-152373-0014/1_original.wav,../watermark_research/results/LibriSpeech-init/AudioSeal/2035-152373-0014/2_watermarked.wav,,speech,105.09149,28.252293,-76.8392,28.258673049195213,9.165202958831085,4.433207988739014,0.9983398643782423
../watermark_research/results/LibriSpeech-init/AudioSeal/2035-152373-0016/1_original.wav,../watermark_research/results/LibriSpeech-init/AudioSeal/2035-152373-0016/2_watermarked.wav,,speech,103.8572,25.179413,-78.67779,25.192544468767256,9.225489169575388,4.333700180053711,0.9989014520558823
../watermark_research/results/LibriSpeech-init/AudioSeal/2277-149874-0000/1_original.wav,../watermark_research/results/LibriSpeech-init/AudioSeal/2277-149874-0000/2_watermarked.wav,,speech,103.422516,25.087582,-78.33493,25.100924057957904,9.240465065610755,4.319097995758057,0.9990248651570304
../watermark_research/results/LibriSpeech-init/AudioSeal/2277-149874-0001/1_original.wav,../watermark_research/results/LibriSpeech-init/AudioSeal/2277-149874-0001/2_watermarked.wav,,speech,102.633606,25.24586,-77.38775,25.25857415676722,9.066031178303467,4.421929836273193,0.9991382931249814
../watermark_research/results/LibriSpeech-init/AudioSeal/2277-149874-0002/1_original.wav,../watermark_research/results/LibriSpeech-init/AudioSeal/2277-149874-0002/2_watermarked.wav,,speech,102.15422,26.629826,-75.5244,26.639037645641036,8.787036265103659,4.4335103034973145,0.9993836888187009
../watermark_research/results/LibriSpeech-init/AudioSeal/2277-149874-0003/1_original.wav,../watermark_research/results/LibriSpeech-init/AudioSeal/2277-149874-0003/2_watermarked.wav,,speech,103.43987,26.1913,-77.24857,26.201708983127958,8.934542015386286,4.4526591300964355,0.9994138019402588
../watermark_research/results/LibriSpeech-init/AudioSeal/2277-149874-0004/1_original.wav,../watermark_research/results/LibriSpeech-init/AudioSeal/2277-149874-0004/2_watermarked.wav,,speech,100.604965,24.655474,-75.94949,24.66953238340906,8.796244588547959,4.4607062339782715,0.9994968497311514
../watermark_research/results/LibriSpeech-init/AudioSeal/2277-149874-0005/1_original.wav,../watermark_research/results/LibriSpeech-init/AudioSeal/2277-149874-0005/2_watermarked.wav,,speech,102.51385,26.25769,-76.25616,26.26795713080397,8.963183390510071,4.4523234367370605,0.9992550137300336
../watermark_research/results/LibriSpeech-init/AudioSeal/2277-149874-0006/1_original.wav,../watermark_research/results/LibriSpeech-init/AudioSeal/2277-149874-0006/2_watermarked.wav,,speech,101.8736,24.21797,-77.655624,24.23351399753972,8.957738915615563,4.422796726226807,0.9993389087853584
../watermark_research/results/LibriSpeech-init/AudioSeal/2277-149874-0007/1_original.wav,../watermark_research/results/LibriSpeech-init/AudioSeal/2277-149874-0007/2_watermarked.wav,,speech,102.541794,24.552868,-77.98892,24.56804960984325,8.969183983072474,4.4145612716674805,0.9994673831671502
../watermark_research/results/LibriSpeech-init/AudioSeal/2277-149874-0008/1_original.wav,../watermark_research/results/LibriSpeech-init/AudioSeal/2277-149874-0008/2_watermarked.wav,,speech,101.57129,27.051704,-74.519585,27.059641423731215,9.030249982776342,4.452898025512695,0.9988263305882134
../watermark_research/results/LibriSpeech-init/AudioSeal/2277-149874-0009/1_original.wav,../watermark_research/results/LibriSpeech-init/AudioSeal/2277-149874-0009/2_watermarked.wav,,speech,100.4093,25.47553,-74.93377,25.487405510881818,8.929382350501077,4.471879482269287,0.999397108922168
../watermark_research/results/LibriSpeech-init/AudioSeal/2277-149874-0010/1_original.wav,../watermark_research/results/LibriSpeech-init/AudioSeal/2277-149874-0010/2_watermarked.wav,,speech,103.31394,24.533585,-78.78036,24.54844298386137,8.98184920996567,4.4428253173828125,0.9990757202719102
../watermark_research/results/LibriSpeech-init/AudioSeal/2277-149874-0011/1_original.wav,../watermark_research/results/LibriSpeech-init/AudioSeal/2277-149874-0011/2_watermarked.wav,,speech,96.53426,26.904064,-69.6302,26.912261966057905,9.041836738225037,4.380505561828613,0.9978087209762323
../watermark_research/results/LibriSpeech-init/AudioSeal/2277-149874-0012/1_original.wav,../watermark_research/results/LibriSpeech-init/AudioSeal/2277-149874-0012/2_watermarked.wav,,speech,101.471054,25.181969,-76.289085,25.195074252570436,9.01959599908963,4.451748371124268,0.9985405695293975
../watermark_research/results/LibriSpeech-init/AudioSeal/2277-149874-0013/1_original.wav,../watermark_research/results/LibriSpeech-init/AudioSeal/2277-149874-0013/2_watermarked.wav,,speech,100.704254,25.26416,-75.440094,25.277046639922606,9.12396797816619,4.325046062469482,0.9988876800976697
../watermark_research/results/LibriSpeech-init/AudioSeal/2277-149874-0014/1_original.wav,../watermark_research/results/LibriSpeech-init/AudioSeal/2277-149874-0014/2_watermarked.wav,,speech,103.49189,26.298876,-77.193016,26.30904046945404,9.005427427567808,4.383654594421387,0.9985196829697041
../watermark_research/results/LibriSpeech-init/AudioSeal/2277-149874-0015/1_original.wav,../watermark_research/results/LibriSpeech-init/AudioSeal/2277-149874-0015/2_watermarked.wav,,speech,101.56682,25.751968,-75.81485,25.76309648762052,9.014217525932105,4.488667011260986,0.9989964760929793
../watermark_research/results/LibriSpeech-init/AudioSeal/2277-149874-0016/1_original.wav,../watermark_research/results/LibriSpeech-init/AudioSeal/2277-149874-0016/2_watermarked.wav,,speech,102.97859,25.179344,-77.79925,25.192467339366573,9.114795692111686,4.457757472991943,0.9989885676688494
../watermark_research/results/LibriSpeech-init/AudioSeal/2277-149874-0017/1_original.wav,../watermark_research/results/LibriSpeech-init/AudioSeal/2277-149874-0017/2_watermarked.wav,,speech,101.6422,25.331337,-76.31086,25.34404099776316,9.026137956553944,4.481960773468018,0.9989241347052936
../watermark_research/results/LibriSpeech-init/AudioSeal/2277-149874-0018/1_original.wav,../watermark_research/results/LibriSpeech-init/AudioSeal/2277-149874-0018/2_watermarked.wav,,speech,103.21092,24.56486,-78.646065,24.57971092505008,8.968804073884826,4.440703392028809,0.9993966540482182
../watermark_research/results/LibriSpeech-init/AudioSeal/2277-149874-0019/1_original.wav,../watermark_research/results/LibriSpeech-init/AudioSeal/2277-149874-0019/2_watermarked.wav,,speech,105.716415,22.52862,-83.1878,22.552809642541497,8.993065674239652,4.489353179931641,0.999512419635237
../watermark_research/results/LibriSpeech-init/AudioSeal/2277-149874-0020/1_original.wav,../watermark_research/results/LibriSpeech-init/AudioSeal/2277-149874-0020/2_watermarked.wav,,speech,104.579254,24.335205,-80.24405,24.35101455195072,8.836276602149598,4.474093914031982,0.9990777721360969
../watermark_research/results/LibriSpeech-init/AudioSeal/2277-149874-0021/1_original.wav,../watermark_research/results/LibriSpeech-init/AudioSeal/2277-149874-0021/2_watermarked.wav,,speech,101.025345,24.47295,-76.5524,24.48824731240778,9.202349010359988,4.438440322875977,0.9995924928599021
../watermark_research/results/LibriSpeech-init/AudioSeal/2277-149896-0000/1_original.wav,../watermark_research/results/LibriSpeech-init/AudioSeal/2277-149896-0000/2_watermarked.wav,,speech,103.40631,28.171404,-75.23491,28.17787341089304,9.031713902966928,4.494558811187744,0.9994634918539541
../watermark_research/results/LibriSpeech-init/AudioSeal/2277-149896-0001/1_original.wav,../watermark_research/results/LibriSpeech-init/AudioSeal/2277-149896-0001/2_watermarked.wav,,speech,105.58144,30.118902,-75.46254,30.12312305463565,9.1410555338458,4.471371650695801,0.9991992823796705
../watermark_research/results/LibriSpeech-init/AudioSeal/2277-149896-0002/1_original.wav,../watermark_research/results/LibriSpeech-init/AudioSeal/2277-149896-0002/2_watermarked.wav,,speech,104.17343,27.041273,-77.13216,27.04982731206803,9.003544206512354,4.513340950012207,0.998991557942111
../watermark_research/results/LibriSpeech-init/AudioSeal/2277-149896-0003/1_original.wav,../watermark_research/results/LibriSpeech-init/AudioSeal/2277-149896-0003/2_watermarked.wav,,speech,103.62039,28.768112,-74.85228,28.773802217752895,9.032740601175409,4.5431365966796875,0.9990792412089772
../watermark_research/results/LibriSpeech-init/AudioSeal/2277-149896-0004/1_original.wav,../watermark_research/results/LibriSpeech-init/AudioSeal/2277-149896-0004/2_watermarked.wav,,speech,101.355804,26.460264,-74.89554,26.469951232653163,8.992984390901553,4.544600486755371,0.9997849036123718
../watermark_research/results/LibriSpeech-init/AudioSeal/2277-149896-0005/1_original.wav,../watermark_research/results/LibriSpeech-init/AudioSeal/2277-149896-0005/2_watermarked.wav,,speech,106.35433,26.673498,-79.68083,26.682797200681733,9.062289229499063,4.477323532104492,0.9995863595855407
../watermark_research/results/LibriSpeech-init/AudioSeal/2277-149896-0006/1_original.wav,../watermark_research/results/LibriSpeech-init/AudioSeal/2277-149896-0006/2_watermarked.wav,,speech,105.49548,27.820637,-77.67485,27.827759710098817,9.020037968106054,4.525765895843506,0.9989937994205292
../watermark_research/results/LibriSpeech-init/AudioSeal/2277-149896-0007/1_original.wav,../watermark_research/results/LibriSpeech-init/AudioSeal/2277-149896-0007/2_watermarked.wav,,speech,105.49556,27.576046,-77.91951,27.583216490357245,8.843573599329595,4.489628314971924,0.999388595105122
../watermark_research/results/LibriSpeech-init/AudioSeal/2277-149896-0008/1_original.wav,../watermark_research/results/LibriSpeech-init/AudioSeal/2277-149896-0008/2_watermarked.wav,,speech,104.30421,27.45506,-76.84915,27.462527626897394,9.119093739679863,4.396357536315918,0.9992240922573891
../watermark_research/results/LibriSpeech-init/AudioSeal/2277-149896-0009/1_original.wav,../watermark_research/results/LibriSpeech-init/AudioSeal/2277-149896-0009/2_watermarked.wav,,speech,104.420715,29.274506,-75.14621,29.279380349470433,8.959766483253633,4.483778953552246,0.9990150857144546
../watermark_research/results/LibriSpeech-init/AudioSeal/2277-149896-0010/1_original.wav,../watermark_research/results/LibriSpeech-init/AudioSeal/2277-149896-0010/2_watermarked.wav,,speech,103.912125,29.119484,-74.79264,29.124781470169296,9.15983598599869,4.451087474822998,0.9987892836919559
../watermark_research/results/LibriSpeech-init/AudioSeal/2277-149896-0011/1_original.wav,../watermark_research/results/LibriSpeech-init/AudioSeal/2277-149896-0011/2_watermarked.wav,,speech,102.39676,28.62376,-73.772995,28.629556948349357,9.159433625365244,4.47723388671875,0.9986098032218669
../watermark_research/results/LibriSpeech-init/AudioSeal/2277-149896-0012/1_original.wav,../watermark_research/results/LibriSpeech-init/AudioSeal/2277-149896-0012/2_watermarked.wav,,speech,100.63712,29.70046,-70.93666,29.70491392243214,9.113967932627402,4.506344318389893,0.9978933184367896
../watermark_research/results/LibriSpeech-init/AudioSeal/2277-149896-0013/1_original.wav,../watermark_research/results/LibriSpeech-init/AudioSeal/2277-149896-0013/2_watermarked.wav,,speech,104.158356,29.119953,-75.03841,29.1252679105761,9.124211122289175,4.502621650695801,0.9993335450028299
../watermark_research/results/LibriSpeech-init/AudioSeal/2277-149896-0014/1_original.wav,../watermark_research/results/LibriSpeech-init/AudioSeal/2277-149896-0014/2_watermarked.wav,,speech,103.274956,27.986233,-75.28873,27.993115862223537,9.112391365784262,4.454815864562988,0.9993624001037832
../watermark_research/results/LibriSpeech-init/AudioSeal/2277-149896-0015/1_original.wav,../watermark_research/results/LibriSpeech-init/AudioSeal/2277-149896-0015/2_watermarked.wav,,speech,101.6868,31.592194,-70.094604,31.59511852530752,9.216751618023581,4.503455638885498,0.9978907330628429
../watermark_research/results/LibriSpeech-init/AudioSeal/2277-149896-0016/1_original.wav,../watermark_research/results/LibriSpeech-init/AudioSeal/2277-149896-0016/2_watermarked.wav,,speech,103.144516,29.144314,-74.0002,29.14946977187769,9.003114018879058,4.489853858947754,0.9994430022108441
../watermark_research/results/LibriSpeech-init/AudioSeal/2277-149896-0017/1_original.wav,../watermark_research/results/LibriSpeech-init/AudioSeal/2277-149896-0017/2_watermarked.wav,,speech,103.92961,31.135817,-72.79379,31.139131281191045,9.030024179265732,4.51483154296875,0.9994018966373229
../watermark_research/results/LibriSpeech-init/AudioSeal/2277-149896-0018/1_original.wav,../watermark_research/results/LibriSpeech-init/AudioSeal/2277-149896-0018/2_watermarked.wav,,speech,106.164276,28.938675,-77.2256,28.943854446677054,9.094905544856063,4.467382907867432,0.9995962408561571
../watermark_research/results/LibriSpeech-init/AudioSeal/2277-149896-0019/1_original.wav,../watermark_research/results/LibriSpeech-init/AudioSeal/2277-149896-0019/2_watermarked.wav,,speech,104.24632,26.83805,-77.40827,26.845711550320285,9.06177620567752,4.466716289520264,0.9995960331586504
../watermark_research/results/LibriSpeech-init/AudioSeal/2277-149896-0020/1_original.wav,../watermark_research/results/LibriSpeech-init/AudioSeal/2277-149896-0020/2_watermarked.wav,,speech,104.90281,29.039137,-75.86367,29.044429373392052,9.142395664697606,4.456874370574951,0.9989334163592576
../watermark_research/results/LibriSpeech-init/AudioSeal/2277-149896-0021/1_original.wav,../watermark_research/results/LibriSpeech-init/AudioSeal/2277-149896-0021/2_watermarked.wav,,speech,103.17244,25.472918,-77.699524,25.485066414341905,8.983471235106324,4.455374240875244,0.9996941631801481
../watermark_research/results/LibriSpeech-init/AudioSeal/2277-149896-0022/1_original.wav,../watermark_research/results/LibriSpeech-init/AudioSeal/2277-149896-0022/2_watermarked.wav,,speech,104.029625,28.604195,-75.42543,28.610160190914783,9.155701445619902,4.483442306518555,0.9989692714589948
../watermark_research/results/LibriSpeech-init/AudioSeal/2277-149896-0023/1_original.wav,../watermark_research/results/LibriSpeech-init/AudioSeal/2277-149896-0023/2_watermarked.wav,,speech,103.038445,26.788296,-76.25015,26.797362290278283,9.083586264998635,4.425971031188965,0.9995353437366453
../watermark_research/results/LibriSpeech-init/AudioSeal/2277-149896-0024/1_original.wav,../watermark_research/results/LibriSpeech-init/AudioSeal/2277-149896-0024/2_watermarked.wav,,speech,105.431656,27.395842,-78.03581,27.40214940866295,9.175628129898266,4.434334754943848,0.9994503616161095
../watermark_research/results/LibriSpeech-init/AudioSeal/2277-149896-0025/1_original.wav,../watermark_research/results/LibriSpeech-init/AudioSeal/2277-149896-0025/2_watermarked.wav,,speech,101.83617,29.50842,-72.32774,29.513278989057163,9.140176532688889,4.492410659790039,0.9988274705654343
../watermark_research/results/LibriSpeech-init/AudioSeal/2277-149896-0026/1_original.wav,../watermark_research/results/LibriSpeech-init/AudioSeal/2277-149896-0026/2_watermarked.wav,,speech,104.398994,24.925392,-79.4736,24.938811701666364,9.127697732812177,4.387144088745117,0.999362611929795
../watermark_research/results/LibriSpeech-init/AudioSeal/2277-149896-0027/1_original.wav,../watermark_research/results/LibriSpeech-init/AudioSeal/2277-149896-0027/2_watermarked.wav,,speech,102.284836,23.31012,-78.97472,23.3300305937668,9.100620076863933,4.480670928955078,0.9986311113449166
../watermark_research/results/LibriSpeech-init/AudioSeal/2277-149896-0028/1_original.wav,../watermark_research/results/LibriSpeech-init/AudioSeal/2277-149896-0028/2_watermarked.wav,,speech,103.32508,25.107376,-78.217705,25.119154109520675,9.082237110800456,4.449695587158203,0.9996853542395728
../watermark_research/results/LibriSpeech-init/AudioSeal/2277-149896-0029/1_original.wav,../watermark_research/results/LibriSpeech-init/AudioSeal/2277-149896-0029/2_watermarked.wav,,speech,97.77716,25.610085,-72.167076,25.62171632280044,9.073554855881813,4.485965728759766,0.996535664229558
../watermark_research/results/LibriSpeech-init/AudioSeal/2277-149896-0030/1_original.wav,../watermark_research/results/LibriSpeech-init/AudioSeal/2277-149896-0030/2_watermarked.wav,,speech,102.576645,26.329119,-76.24753,26.33920335121219,9.092002058773385,4.417396068572998,0.999134141886403
../watermark_research/results/LibriSpeech-init/AudioSeal/2277-149896-0031/1_original.wav,../watermark_research/results/LibriSpeech-init/AudioSeal/2277-149896-0031/2_watermarked.wav,,speech,100.67583,22.603857,-78.07197,22.627214305751544,9.253707273833756,4.38897705078125,0.9981961005122073
../watermark_research/results/LibriSpeech-init/AudioSeal/2277-149896-0032/1_original.wav,../watermark_research/results/LibriSpeech-init/AudioSeal/2277-149896-0032/2_watermarked.wav,,speech,102.194916,26.448029,-75.74689,26.4562000016028,9.071270271703634,4.442170143127441,0.9986962668456006
../watermark_research/results/LibriSpeech-init/AudioSeal/2277-149896-0033/1_original.wav,../watermark_research/results/LibriSpeech-init/AudioSeal/2277-149896-0033/2_watermarked.wav,,speech,101.74332,28.135805,-73.60751,28.14084844321945,9.276331143874287,4.523044586181641,0.9996071353968318
../watermark_research/results/LibriSpeech-init/AudioSeal/2277-149896-0034/1_original.wav,../watermark_research/results/LibriSpeech-init/AudioSeal/2277-149896-0034/2_watermarked.wav,,speech,101.993904,26.466988,-75.52692,26.476758206547895,9.153902030709453,4.4603681564331055,0.9990423434949303
../watermark_research/results/LibriSpeech-init/AudioSeal/2277-149897-0000/1_original.wav,../watermark_research/results/LibriSpeech-init/AudioSeal/2277-149897-0000/2_watermarked.wav,,speech,102.57705,24.16023,-78.41682,24.174019646897843,9.013023233048068,4.447994709014893,0.9991603089100707
../watermark_research/results/LibriSpeech-init/AudioSeal/2277-149897-0001/1_original.wav,../watermark_research/results/LibriSpeech-init/AudioSeal/2277-149897-0001/2_watermarked.wav,,speech,104.13918,24.803484,-79.3357,24.817060326890655,9.116950164054543,4.4823150634765625,0.9996581098714312
../watermark_research/results/LibriSpeech-init/AudioSeal/2277-149897-0002/1_original.wav,../watermark_research/results/LibriSpeech-init/AudioSeal/2277-149897-0002/2_watermarked.wav,,speech,106.24406,27.258564,-78.98549,27.266441571611523,9.115034190446371,4.498888969421387,0.9986455094745257
../watermark_research/results/LibriSpeech-init/AudioSeal/2277-149897-0003/1_original.wav,../watermark_research/results/LibriSpeech-init/AudioSeal/2277-149897-0003/2_watermarked.wav,,speech,104.41797,23.05201,-81.36596,23.072647106773594,9.084993885564089,4.460467338562012,0.9991948221730423
../watermark_research/results/LibriSpeech-init/AudioSeal/2277-149897-0004/1_original.wav,../watermark_research/results/LibriSpeech-init/AudioSeal/2277-149897-0004/2_watermarked.wav,,speech,103.8349,27.233536,-76.601364,27.241583834942222,9.049141841834148,4.483572483062744,0.9992366509920021
../watermark_research/results/LibriSpeech-init/AudioSeal/2277-149897-0005/1_original.wav,../watermark_research/results/LibriSpeech-init/AudioSeal/2277-149897-0005/2_watermarked.wav,,speech,104.38267,25.214617,-79.16805,25.22663750691356,8.845530456898034,4.454514026641846,0.9988656084062358
../watermark_research/results/LibriSpeech-init/AudioSeal/2277-149897-0006/1_original.wav,../watermark_research/results/LibriSpeech-init/AudioSeal/2277-149897-0006/2_watermarked.wav,,speech,104.901344,26.709915,-78.19143,26.717089252393777,8.776048888270326,4.472788333892822,0.999470217345313
../watermark_research/results/LibriSpeech-init/AudioSeal/2277-149897-0007/1_original.wav,../watermark_research/results/LibriSpeech-init/AudioSeal/2277-149897-0007/2_watermarked.wav,,speech,103.74622,26.583681,-77.162544,26.593043912541248,8.823645122838487,4.461690425872803,0.999496965234764
../watermark_research/results/LibriSpeech-init/AudioSeal/2277-149897-0008/1_original.wav,../watermark_research/results/LibriSpeech-init/AudioSeal/2277-149897-0008/2_watermarked.wav,,speech,97.63299,25.12826,-72.50473,25.141446527550784,8.93346516809403,4.406927585601807,0.999507351285795
../watermark_research/results/LibriSpeech-init/AudioSeal/2277-149897-0009/1_original.wav,../watermark_research/results/LibriSpeech-init/AudioSeal/2277-149897-0009/2_watermarked.wav,,speech,104.03336,28.174103,-75.85926,28.18066499920331,8.943453243800455,4.454413890838623,0.998635245289176
../watermark_research/results/LibriSpeech-init/AudioSeal/2277-149897-0010/1_original.wav,../watermark_research/results/LibriSpeech-init/AudioSeal/2277-149897-0010/2_watermarked.wav,,speech,101.54242,26.439173,-75.10325,26.4487646023383,8.95134394194668,4.422218322753906,0.99945085091349
../watermark_research/results/LibriSpeech-init/AudioSeal/2277-149897-0011/1_original.wav,../watermark_research/results/LibriSpeech-init/AudioSeal/2277-149897-0011/2_watermarked.wav,,speech,103.16887,26.635803,-76.533066,26.644956035235985,8.804762993827584,4.424612522125244,0.9994687848886523
../watermark_research/results/LibriSpeech-init/AudioSeal/2277-149897-0012/1_original.wav,../watermark_research/results/LibriSpeech-init/AudioSeal/2277-149897-0012/2_watermarked.wav,,speech,103.22598,24.991598,-78.23438,25.00523059365183,8.999165344917865,4.468513011932373,0.9995097869038965
../watermark_research/results/LibriSpeech-init/AudioSeal/2277-149897-0013/1_original.wav,../watermark_research/results/LibriSpeech-init/AudioSeal/2277-149897-0013/2_watermarked.wav,,speech,103.517334,29.22718,-74.29015,29.232345756610435,8.940073731858435,4.493951320648193,0.9992848287601186
../watermark_research/results/LibriSpeech-init/AudioSeal/2277-149897-0014/1_original.wav,../watermark_research/results/LibriSpeech-init/AudioSeal/2277-149897-0014/2_watermarked.wav,,speech,103.71222,23.783949,-79.92827,23.80131704804775,8.942573835002813,4.45700216293335,0.9989803991687131
../watermark_research/results/LibriSpeech-init/AudioSeal/2277-149897-0015/1_original.wav,../watermark_research/results/LibriSpeech-init/AudioSeal/2277-149897-0015/2_watermarked.wav,,speech,104.196434,25.138237,-79.0582,25.150565367888507,8.864996701614725,4.411959648132324,0.9996140595662907
../watermark_research/results/LibriSpeech-init/AudioSeal/2277-149897-0016/1_original.wav,../watermark_research/results/LibriSpeech-init/AudioSeal/2277-149897-0016/2_watermarked.wav,,speech,103.97832,25.678633,-78.29968,25.689624176988627,9.223027654287481,4.444199562072754,0.998096756239347
../watermark_research/results/LibriSpeech-init/AudioSeal/2277-149897-0017/1_original.wav,../watermark_research/results/LibriSpeech-init/AudioSeal/2277-149897-0017/2_watermarked.wav,,speech,104.044235,24.267803,-79.77643,24.283833708394376,9.13070685006755,4.492262363433838,0.9978170271948736
../watermark_research/results/LibriSpeech-init/AudioSeal/2277-149897-0018/1_original.wav,../watermark_research/results/LibriSpeech-init/AudioSeal/2277-149897-0018/2_watermarked.wav,,speech,103.82293,27.463043,-76.359886,27.470823154992893,9.004754983066595,4.432063579559326,0.9990574329999939
../watermark_research/results/LibriSpeech-init/AudioSeal/2277-149897-0019/1_original.wav,../watermark_research/results/LibriSpeech-init/AudioSeal/2277-149897-0019/2_watermarked.wav,,speech,105.45933,26.898376,-78.56095,26.90576529053852,9.122350210540766,4.503666877746582,0.9994689779984094
../watermark_research/results/LibriSpeech-init/AudioSeal/2277-149897-0020/1_original.wav,../watermark_research/results/LibriSpeech-init/AudioSeal/2277-149897-0020/2_watermarked.wav,,speech,103.58222,29.026987,-74.55524,29.032210385995473,9.08140103350422,4.454946041107178,0.9986063723336085
../watermark_research/results/LibriSpeech-init/AudioSeal/2277-149897-0021/1_original.wav,../watermark_research/results/LibriSpeech-init/AudioSeal/2277-149897-0021/2_watermarked.wav,,speech,105.9779,24.93945,-81.03845,24.952402642501145,9.163907974320942,4.484295845031738,0.9994988082587435
../watermark_research/results/LibriSpeech-init/AudioSeal/2277-149897-0022/1_original.wav,../watermark_research/results/LibriSpeech-init/AudioSeal/2277-149897-0022/2_watermarked.wav,,speech,107.28775,24.938013,-82.34974,24.95158923454497,9.064304101063204,4.409116268157959,0.9994613526686779
../watermark_research/results/LibriSpeech-init/AudioSeal/2277-149897-0023/1_original.wav,../watermark_research/results/LibriSpeech-init/AudioSeal/2277-149897-0023/2_watermarked.wav,,speech,101.9717,29.03137,-72.94033,29.036766022208397,9.073170187132312,4.485084533691406,0.9991178451055337
../watermark_research/results/LibriSpeech-init/AudioSeal/2277-149897-0024/1_original.wav,../watermark_research/results/LibriSpeech-init/AudioSeal/2277-149897-0024/2_watermarked.wav,,speech,100.303276,29.23712,-71.066154,29.242252780710906,9.032972106328396,4.408782482147217,0.9983981349964488
../watermark_research/results/LibriSpeech-init/AudioSeal/2277-149897-0025/1_original.wav,../watermark_research/results/LibriSpeech-init/AudioSeal/2277-149897-0025/2_watermarked.wav,,speech,104.03525,26.415356,-77.61989,26.42315341591569,8.779564218683491,4.39821195602417,0.9986258943834985
../watermark_research/results/LibriSpeech-init/AudioSeal/2277-149897-0026/1_original.wav,../watermark_research/results/LibriSpeech-init/AudioSeal/2277-149897-0026/2_watermarked.wav,,speech,105.07066,26.618898,-78.45177,26.62812705892044,9.063155846111655,4.396178722381592,0.9990091656565016
../watermark_research/results/LibriSpeech-init/AudioSeal/2277-149897-0027/1_original.wav,../watermark_research/results/LibriSpeech-init/AudioSeal/2277-149897-0027/2_watermarked.wav,,speech,104.39279,23.475523,-80.91727,23.49379173204063,8.999612038753883,4.376419544219971,0.9985188347161629
../watermark_research/results/LibriSpeech-init/AudioSeal/2277-149897-0028/1_original.wav,../watermark_research/results/LibriSpeech-init/AudioSeal/2277-149897-0028/2_watermarked.wav,,speech,102.57318,29.346304,-73.226875,29.35129402168993,8.89586695774817,4.4770660400390625,0.9991723408039207
../watermark_research/results/LibriSpeech-init/AudioSeal/2277-149897-0029/1_original.wav,../watermark_research/results/LibriSpeech-init/AudioSeal/2277-149897-0029/2_watermarked.wav,,speech,105.85199,26.999947,-78.85204,27.00850737379404,8.508760893300533,4.5288190841674805,0.9986291071149049
../watermark_research/results/LibriSpeech-init/AudioSeal/2277-149897-0030/1_original.wav,../watermark_research/results/LibriSpeech-init/AudioSeal/2277-149897-0030/2_watermarked.wav,,speech,102.06601,24.068687,-77.99732,24.081303699837008,8.668659769244524,4.538127422332764,0.9996836522327943
../watermark_research/results/LibriSpeech-init/AudioSeal/2277-149897-0031/1_original.wav,../watermark_research/results/LibriSpeech-init/AudioSeal/2277-149897-0031/2_watermarked.wav,,speech,104.929924,27.53931,-77.39061,27.54690013314375,8.578414552743686,4.477410316467285,0.9995222623148021
../watermark_research/results/LibriSpeech-init/AudioSeal/2277-149897-0032/1_original.wav,../watermark_research/results/LibriSpeech-init/AudioSeal/2277-149897-0032/2_watermarked.wav,,speech,106.72223,24.980505,-81.74172,24.994270037322156,8.415615517583063,4.473185062408447,0.9992049643938731
../watermark_research/results/LibriSpeech-init/AudioSeal/2277-149897-0033/1_original.wav,../watermark_research/results/LibriSpeech-init/AudioSeal/2277-149897-0033/2_watermarked.wav,,speech,105.65118,27.257555,-78.39362,27.26566316928501,8.833840212863219,4.467042446136475,0.9989796381801471
../watermark_research/results/LibriSpeech-init/AudioSeal/2277-149897-0034/1_original.wav,../watermark_research/results/LibriSpeech-init/AudioSeal/2277-149897-0034/2_watermarked.wav,,speech,105.152214,27.178936,-77.97328,27.187210075974125,8.703221905862872,4.453159332275391,0.9992839677741753
../watermark_research/results/LibriSpeech-init/AudioSeal/2277-149897-0035/1_original.wav,../watermark_research/results/LibriSpeech-init/AudioSeal/2277-149897-0035/2_watermarked.wav,,speech,103.06918,23.068045,-80.00114,23.084016931029318,8.950448668975516,4.5124616622924805,0.9992083756492396
../watermark_research/results/LibriSpeech-init/AudioSeal/2277-149897-0036/1_original.wav,../watermark_research/results/LibriSpeech-init/AudioSeal/2277-149897-0036/2_watermarked.wav,,speech,105.68201,27.386658,-78.29535,27.394509773902307,8.836817126364428,4.491928577423096,0.9996096811119544
../watermark_research/results/LibriSpeech-init/AudioSeal/2277-149897-0037/1_original.wav,../watermark_research/results/LibriSpeech-init/AudioSeal/2277-149897-0037/2_watermarked.wav,,speech,101.53718,27.48644,-74.050735,27.494158261562802,8.922074409041324,4.411892890930176,0.9990858238742936
